ds,y
2007/10/11,1000
2007/10/12,988.8474483
2007/10/13,984.0235961
2007/10/14,984.0760198
2007/10/15,987.5522956
2007/10/16,993
2007/10/17,998.9667093
2007/10/18,1004
2007/10/19,1006.956806
2007/10/20,1007.931489
2007/10/21,1007.327769
2007/10/22,1005.549366
2007/10/23,1003
2007/10/24,1000.182983
2007/10/25,998
2007/10/26,997.1832046
2007/10/27,997.3882631
2007/10/28,998.0017194
2007/10/29,998.4101171
2007/10/30,998
2007/10/31,996.4991124
2007/11/1,995
2007/11/2,994.5867116
2007/11/3,994.944506
2007/11/4,995.4089446
2007/11/5,995.3155888
2007/11/6,994
2007/11/7,991.1671935
2007/11/8,988
2007/11/9,985.7508787
2007/11/10,984.4729866
2007/11/11,983.9196551
2007/11/12,983.8442158
2007/11/13,984
2007/11/14,984.2630186
2007/11/15,985
2007/11/16,986.5089629
2007/11/17,988.3223702
2007/11/18,989.7812961
2007/11/19,990.2268147
2007/11/20,989
2007/11/21,985.8302177
2007/11/22,982
2007/11/23,978.880801
2007/11/24,976.6465959
2007/11/25,975.1719904
2007/11/26,974.3315899
2007/11/27,974
2007/11/28,974.006617
2007/11/29,974
2007/11/30,973.6804135
2007/12/1,973.1357815
2007/12/2,972.5509428
2007/12/3,972.110736
2007/12/4,972
2007/12/5,972.3402866
2007/12/6,973
2007/12/7,973.8141049
2007/12/8,974.7369557
2007/12/9,975.752754
2007/12/10,976.8457015
2007/12/11,978
2007/12/12,979.1461691
2007/12/13,980
2007/12/14,980.3111387
2007/12/15,980.1793782
2007/12/16,979.7920484
2007/12/17,979.336479
2007/12/18,979
2007/12/19,978.9157371
2007/12/20,979
2007/12/21,979.1357931
2007/12/22,979.2897154
2007/12/23,979.4492644
2007/12/24,979.601938
2007/12/25,979.7352336
2007/12/26,979.836649
2007/12/27,979.8936817
2007/12/28,979.8938295
2007/12/29,979.82459
2007/12/30,979.6734608
2007/12/31,979.4279395
2008/1/1,979.0755239
2008/1/2,978.6037115
2008/1/3,978
2008/1/4,977.3033641
2008/1/5,976.7586864
2008/1/6,976.6623267
2008/1/7,977.3106446
2008/1/8,979
2008/1/9,981.6908448
2008/1/10,984
2008/1/11,984.6671599
2008/1/12,984.2671417
2008/1/13,983.8335435
2008/1/14,984.3999636
2008/1/15,987
2008/1/16,991.9878366
2008/1/17,997
2008/1/18,999.6822055
2008/1/19,1000.434579
2008/1/20,1000.34585
2008/1/21,1000.504748
2008/1/22,1002
2008/1/23,1005.376026
2008/1/24,1009
2008/1/25,1011.153673
2008/1/26,1011.954333
2008/1/27,1011.978158
2008/1/28,1011.801322
2008/1/29,1012
2008/1/30,1012.921793
2008/1/31,1014
2008/2/1,1014.608126
2008/2/2,1014.794789
2008/2/3,1014.777391
2008/2/4,1014.773328
2008/2/5,1015
2008/2/6,1015.547913
2008/2/7,1016
2008/2/8,1015.958025
2008/2/9,1015.606651
2008/2/10,1015.276264
2008/2/11,1015.297251
2008/2/12,1016
2008/2/13,1017.493356
2008/2/14,1019
2008/2/15,1019.746894
2008/2/16,1019.864279
2008/2/17,1019.708217
2008/2/18,1019.63477
2008/2/19,1020
2008/2/20,1020.976126
2008/2/21,1022
2008/2/22,1022.471104
2008/2/23,1022.374811
2008/2/24,1021.842966
2008/2/25,1021.007414
2008/2/26,1020
2008/2/27,1018.952948
2008/2/28,1018
2008/2/29,1017.224548
2008/3/1,1016.507071
2008/3/2,1015.67732
2008/3/3,1014.565046
2008/3/4,1013
2008/3/5,1010.958108
2008/3/6,1009
2008/3/7,1007.678844
2008/3/8,1006.933272
2008/3/9,1006.548277
2008/3/10,1006.308854
2008/3/11,1006
2008/3/12,1005.492462
2008/3/13,1005
2008/3/14,1004.764154
2008/3/15,1004.794565
2008/3/16,1005.042899
2008/3/17,1005.460822
2008/3/18,1006
2008/3/19,1006.581002
2008/3/20,1007
2008/3/21,1007.08253
2008/3/22,1006.895964
2008/3/23,1006.568132
2008/3/24,1006.226867
2008/3/25,1006
2008/3/26,1005.965264
2008/3/27,1006
2008/3/28,1005.962101
2008/3/29,1005.832062
2008/3/30,1005.621026
2008/3/31,1005.340137
2008/4/1,1005.000541
2008/4/2,1004.589709
2008/4/3,1004
2008/4/4,1003.165771
2008/4/5,1002.284898
2008/4/6,1001.621141
2008/4/7,1001.438255
2008/4/8,1002
2008/4/9,1003.393581
2008/4/10,1005
2008/4/11,1006.132664
2008/4/12,1006.540805
2008/4/13,1006.082615
2008/4/14,1004.616284
2008/4/15,1002
2008/4/16,998.3731624
2008/4/17,995
2008/4/18,993.0737127
2008/4/19,992.3785532
2008/4/20,992.3465374
2008/4/21,992.409681
2008/4/22,992
2008/4/23,990.7382317
2008/4/24,989
2008/4/25,987.2623384
2008/4/26,985.6530332
2008/4/27,984.2125588
2008/4/28,982.9813896
2008/4/29,982
2008/4/30,981.2840133
2008/5/1,980.749648
2008/5/2,980.2882714
2008/5/3,979.791251
2008/5/4,979.1499541
2008/5/5,978.2557479
2008/5/6,977
2008/5/7,975.4029091
2008/5/8,974
2008/5/9,973.2864238
2008/5/10,973.0805107
2008/5/11,973.0313857
2008/5/12,972.7881738
2008/5/13,972
2008/5/14,970.517831
2008/5/15,969
2008/5/16,968.0828257
2008/5/17,967.5072015
2008/5/18,966.7901644
2008/5/19,965.4487516
2008/5/20,963
2008/5/21,959.3548681
2008/5/22,956
2008/5/23,954.3647657
2008/5/24,954.0737545
2008/5/25,954.3003605
2008/5/26,954.2179776
2008/5/27,953
2008/5/28,950.338467
2008/5/29,948
2008/5/30,947.5967616
2008/5/31,948.0484992
2008/6/1,947.6018559
2008/6/2,944.5034751
2008/6/3,937
2008/6/4,924.6175315
2008/6/5,912
2008/6/6,903.8411538
2008/6/7,899.9161818
2008/6/8,898.7706328
2008/6/9,898.9500559
2008/6/10,899
2008/6/11,897.8543082
2008/6/12,896
2008/6/13,894.1705075
2008/6/14,892.5317367
2008/6/15,891.1077121
2008/6/16,889.9224584
2008/6/17,889
2008/6/18,888.3594156
2008/6/19,888
2008/6/20,887.8983208
2008/6/21,887.9598203
2008/6/22,888.0721594
2008/6/23,888.122999
2008/6/24,888
2008/6/25,887.6179321
2008/6/26,887
2008/6/27,886.1954502
2008/6/28,885.2492625
2008/6/29,884.2053496
2008/6/30,883.1076245
2008/7/1,882
2008/7/2,880.935051
2008/7/3,880
2008/7/4,879.2536983
2008/7/5,878.6068633
2008/7/6,877.9331792
2008/7/7,877.10633
2008/7/8,876
2008/7/9,874.557419
2008/7/10,873
2008/7/11,871.5653108
2008/7/12,870.2773544
2008/7/13,869.1067426
2008/7/14,868.0240872
2008/7/15,867
2008/7/16,866.0038457
2008/7/17,865
2008/7/18,863.9549924
2008/7/19,862.8489555
2008/7/20,861.6654222
2008/7/21,860.387926
2008/7/22,859
2008/7/23,857.5068035
2008/7/24,856
2008/7/25,854.5430631
2008/7/26,853.0002017
2008/7/27,851.1858088
2008/7/28,848.9142773
2008/7/29,846
2008/7/30,842.4447724
2008/7/31,839
2008/8/1,836.338161
2008/8/2,834.0664134
2008/8/3,831.5255853
2008/8/4,828.0565048
2008/8/5,823
2008/8/6,816.2618396
2008/8/7,810.0075553
2008/8/8,806.3413653
2008/8/9,804.851315
2008/8/10,804.4936041
2008/8/11,804.2244325
2008/8/12,803
2008/8/13,800.2127376
2008/8/14,797
2008/8/15,794.6023357
2008/8/16,792.9281428
2008/8/17,791.552782
2008/8/18,790.0516142
2008/8/19,788
2008/8/20,785.2799407
2008/8/21,783
2008/8/22,782.1935083
2008/8/23,782.366301
2008/8/24,782.6423395
2008/8/25,782.1455854
2008/8/26,780
2008/8/27,775.9222722
2008/8/28,772
2008/8/29,770.2692537
2008/8/30,770.1890843
2008/8/31,770.5742881
2008/9/1,770.2396613
2008/9/2,768
2008/9/3,763.2870056
2008/9/4,758
2008/9/5,754.1030281
2008/9/6,751.3514069
2008/9/7,748.9482718
2008/9/8,746.0967577
2008/9/9,742
2008/9/10,736.3757219
2008/9/11,731
2008/9/12,727.6513149
2008/9/13,726.0594114
2008/9/14,725.4418505
2008/9/15,725.0161931
2008/9/16,724
2008/9/17,721.9775509
2008/9/18,720
2008/9/19,719.1219302
2008/9/20,718.9447635
2008/9/21,718.7066317
2008/9/22,717.6456666
2008/9/23,715
2008/9/24,710.5193775
2008/9/25,706
2008/9/26,703.1769199
2008/9/27,701.4941397
2008/9/28,699.8228995
2008/9/29,697.0344396
2008/9/30,692
2008/10/1,684.3810531
2008/10/2,677
2008/10/3,672.6126317
2008/10/4,670.5473691
2008/10/5,669.2757907
2008/10/6,667.2694748
2008/10/7,663
2008/10/8,655.8692088
2008/10/9,649
2008/10/10,645.4500295
2008/10/11,644.2949243
2008/10/12,643.6148044
2008/10/13,641.4897896
2008/10/14,636
2008/10/15,626.3197334
2008/10/16,616
2008/10/17,608.6028606
2008/10/18,603.3578666
2008/10/19,598.4114424
2008/10/20,591.9100121
2008/10/21,582
2008/10/22,568.1353393
2008/10/23,555
2008/10/24,547.2257418
2008/10/25,544.0054483
2008/10/26,543.1722839
2008/10/27,542.559413
2008/10/28,540
2008/10/29,534.2804336
2008/10/30,528
2008/10/31,523.9309744
2008/11/1,521.7246915
2008/11/2,520.2522505
2008/11/3,518.384751
2008/11/4,514.9932922
2008/11/5,509.5599665
2008/11/6,504
2008/11/7,500.2619729
2008/11/8,498.0055383
2008/11/9,496.3181172
2008/11/10,494.2871307
2008/11/11,491
2008/11/12,486.0432724
2008/11/13,481
2008/11/14,477.4134673
2008/11/15,474.6713846
2008/11/16,471.6225681
2008/11/17,467.1158344
2008/11/18,460
2008/11/19,449.9568445
2008/11/20,440
2008/11/21,433.1509318
2008/11/22,429.1305838
2008/11/23,426.83477
2008/11/24,425.1593041
2008/11/25,423
2008/11/26,419.6510299
2008/11/27,416
2008/11/28,413.0670931
2008/11/29,410.8093653
2008/11/30,408.9180909
2008/12/1,407.0845443
2008/12/2,405
2008/12/3,402.5003553
2008/12/4,400
2008/12/5,397.9215228
2008/12/6,396.141816
2008/12/7,394.4013478
2008/12/8,392.4405864
2008/12/9,390
2008/12/10,386.9899036
2008/12/11,384
2008/12/12,381.6223378
2008/12/13,379.7789623
2008/12/14,378.2244179
2008/12/15,376.713249
2008/12/16,375
2008/12/17,372.9660353
2008/12/18,371
2008/12/19,369.5115188
2008/12/20,368.486855
2008/12/21,367.8064319
2008/12/22,367.3506725
2008/12/23,367
2008/12/24,366.6522712
2008/12/25,366.2750783
2008/12/26,365.8534471
2008/12/27,365.3724037
2008/12/28,364.816974
2008/12/29,364.1721839
2008/12/30,363.4230593
2008/12/31,362.5546261
2009/1/1,361.5519103
2009/1/2,360.3999379
2009/1/3,359.0837347
2009/1/4,357.5883267
2009/1/5,355.8987398
2009/1/6,354
2009/1/7,351.9377375
2009/1/8,350
2009/1/9,348.4763835
2009/1/10,347.4202596
2009/1/11,346.825944
2009/1/12,346.6877523
2009/1/13,347
2009/1/14,347.6378683
2009/1/15,348
2009/1/16,347.5462443
2009/1/17,346.4578134
2009/1/18,345.0962603
2009/1/19,343.8231382
2009/1/20,343
2009/1/21,342.8446628
2009/1/22,343
2009/1/23,343.0458959
2009/1/24,342.8852237
2009/1/25,342.5016035
2009/1/26,341.8786555
2009/1/27,341
2009/1/28,339.9230012
2009/1/29,339
2009/1/30,338.5402178
2009/1/31,338.3854223
2009/2/1,338.260518
2009/2/2,337.8904091
2009/2/3,337
2009/2/4,335.4944577
2009/2/5,334
2009/2/6,333.1317408
2009/2/7,332.7393288
2009/2/8,332.4810464
2009/2/9,332.015176
2009/2/10,331
2009/2/11,329.3494431
2009/2/12,328
2009/2/13,327.8038533
2009/2/14,328.2533687
2009/2/15,328.5009574
2009/2/16,327.6990307
2009/2/17,325
2009/2/18,320.1162426
2009/2/19,315
2009/2/20,311.6366097
2009/2/21,309.9039281
2009/2/22,309.1529418
2009/2/23,308.7346369
2009/2/24,308
2009/2/25,306.5518079
2009/2/26,305
2009/2/27,304.015528
2009/2/28,303.506231
2009/3/1,303.18917
2009/3/2,302.781406
2009/3/3,302
2009/3/4,300.6639497
2009/3/5,299
2009/3/6,297.2947075
2009/3/7,295.6661292
2009/3/8,294.1901972
2009/3/9,292.9428434
2009/3/10,292
2009/3/11,291.3962171
2009/3/12,291.0005172
2009/3/13,290.6476302
2009/3/14,290.2007694
2009/3/15,289.5303003
2009/3/16,288.5065886
2009/3/17,287
2009/3/18,285.0034433
2009/3/19,283
2009/3/20,281.4666839
2009/3/21,280.3660657
2009/3/22,279.5321057
2009/3/23,278.7987637
2009/3/24,278
2009/3/25,277.0270186
2009/3/26,276
2009/3/27,275.0702551
2009/3/28,274.28464
2009/3/29,273.6638975
2009/3/30,273.2287699
2009/3/31,273
2009/4/1,272.9677673
2009/4/2,273
2009/4/3,272.9545758
2009/4/4,272.7714229
2009/4/5,272.4109821
2009/4/6,271.8336942
2009/4/7,271
2009/4/8,269.9446958
2009/4/9,269
2009/4/10,268.4831608
2009/4/11,268.3541227
2009/4/12,268.4835042
2009/4/13,268.7419238
2009/4/14,269
2009/4/15,269.1286519
2009/4/16,269
2009/4/17,268.5342101
2009/4/18,267.8424263
2009/4/19,267.0835374
2009/4/20,266.4164324
2009/4/21,266
2009/4/22,265.9237905
2009/4/23,266
2009/4/24,266.0141473
2009/4/25,265.922396
2009/4/26,265.723571
2009/4/27,265.4164974
2009/4/28,265
2009/4/29,264.4936495
2009/4/30,264
2009/5/1,263.6180491
2009/5/2,263.3495864
2009/5/3,263.172099
2009/5/4,263.0630745
2009/5/5,263
2009/5/6,262.9701566
2009/5/7,263
2009/5/8,263.1072735
2009/5/9,263.2356966
2009/5/10,263.310483
2009/5/11,263.2568463
2009/5/12,263
2009/5/13,262.5179662
2009/5/14,262
2009/5/15,261.6374178
2009/5/16,261.4185468
2009/5/17,261.2809669
2009/5/18,261.162258
2009/5/19,261
2009/5/20,260.7480948
2009/5/21,260.4257328
2009/5/22,260.0684262
2009/5/23,259.7116873
2009/5/24,259.3910284
2009/5/25,259.1419619
2009/5/26,259
2009/5/27,258.9782252
2009/5/28,259
2009/5/29,258.9798991
2009/5/30,258.8870647
2009/5/31,258.7042807
2009/6/1,258.4143311
2009/6/2,258
2009/6/3,257.4779052
2009/6/4,257
2009/6/5,256.7058598
2009/6/6,256.5502143
2009/6/7,256.4415814
2009/6/8,256.2884794
2009/6/9,255.9994261
2009/6/10,255.5270954
2009/6/11,255
2009/6/12,254.5538352
2009/6/13,254.1779681
2009/6/14,253.8251833
2009/6/15,253.4482657
2009/6/16,253
2009/6/17,252.4706006
2009/6/18,252
2009/6/19,251.7196671
2009/6/20,251.577498
2009/6/21,251.4754953
2009/6/22,251.3156617
2009/6/23,251
2009/6/24,250.4918625
2009/6/25,250
2009/6/26,249.7366061
2009/6/27,249.6822484
2009/6/28,249.7595876
2009/6/29,249.8912845
2009/6/30,250
2009/7/1,250.0285037
2009/7/2,250
2009/7/3,249.9456555
2009/7/4,249.84805
2009/7/5,249.6776168
2009/7/6,249.4047891
2009/7/7,249
2009/7/8,248.4741489
2009/7/9,248
2009/7/10,247.7438407
2009/7/11,247.6841873
2009/7/12,247.7526137
2009/7/13,247.8806933
2009/7/14,248
2009/7/15,248.0497837
2009/7/16,248
2009/7/17,247.8404834
2009/7/18,247.6098783
2009/7/19,247.3590315
2009/7/20,247.1387898
2009/7/21,247
2009/7/22,246.9722386
2009/7/23,247
2009/7/24,247.0202324
2009/7/25,247.0247802
2009/7/26,247.0192117
2009/7/27,247.0090955
2009/7/28,247
2009/7/29,246.9966005
2009/7/30,247
2009/7/31,247.0093979
2009/8/1,247.0199508
2009/8/2,247.0258047
2009/8/3,247.0211058
2009/8/4,247
2009/8/5,246.9709894
2009/8/6,247
2009/8/7,247.1447119
2009/8/8,247.3723974
2009/8/9,247.627727
2009/8/10,247.855371
2009/8/11,248
2009/8/12,248.0289225
2009/8/13,248
2009/8/14,247.9792905
2009/8/15,247.9750857
2009/8/16,247.9812356
2009/8/17,247.9915903
2009/8/18,248
2009/8/19,248.0020166
2009/8/20,248
2009/8/21,247.9974394
2009/8/22,247.9955332
2009/8/23,247.9949073
2009/8/24,247.9961877
2009/8/25,248
2009/8/26,248.0047547
2009/8/27,248
2009/8/28,247.9699468
2009/8/29,247.8863186
2009/8/30,247.7177169
2009/8/31,247.4327435
2009/9/1,247
2009/9/2,246.4423868
2009/9/3,246
2009/9/4,245.8966721
2009/9/5,246.0739867
2009/9/6,246.4029653
2009/9/7,246.7546293
2009/9/8,247
2009/9/9,247.0531055
2009/9/10,247
2009/9/11,246.9484768
2009/9/12,246.9212593
2009/9/13,246.9198034
2009/9/14,246.945565
2009/9/15,247
2009/9/16,247.059475
2009/9/17,247
2009/9/18,246.7148908
2009/9/19,246.2670442
2009/9/20,245.7617522
2009/9/21,245.3043068
2009/9/22,245
2009/9/23,244.9201275
2009/9/24,245
2009/9/25,245.1461994
2009/9/26,245.2863786
2009/9/27,245.353458
2009/9/28,245.2803583
2009/9/29,245
2009/9/30,244.5016549
2009/10/1,244
2009/10/2,243.7026391
2009/10/3,243.5634777
2009/10/4,243.4729967
2009/10/5,243.3216772
2009/10/6,243
2009/10/7,242.4725091
2009/10/8,242
2009/10/9,241.8358734
2009/10/10,241.9076986
2009/10/11,242.061587
2009/10/12,242.1436504
2009/10/13,242
2009/10/14,241.5491532
2009/10/15,240.9992503
2009/10/16,240.5779858
2009/10/17,240.302586
2009/10/18,240.1378934
2009/10/19,240.0487505
2009/10/20,240
2009/10/21,239.9711036
2009/10/22,240
2009/10/23,240.1164401
2009/10/24,240.2589456
2009/10/25,240.343231
2009/10/26,240.285011
2009/10/27,240
2009/10/28,239.4773547
2009/10/29,239
2009/10/30,238.8381796
2009/10/31,238.9176433
2009/11/1,239.0780171
2009/11/2,239.1589273
2009/11/3,239
2009/11/4,238.5257193
2009/11/5,238
2009/11/6,237.70116
2009/11/7,237.6256971
2009/11/8,237.6996543
2009/11/9,237.8490743
2009/11/10,238
2009/11/11,238.0771568
2009/11/12,238
2009/11/13,237.7231925
2009/11/14,237.347499
2009/11/15,237.0102091
2009/11/16,236.8486128
2009/11/17,237
2009/11/18,237.5028
2009/11/19,238
2009/11/20,238.1361554
2009/11/21,237.9575353
2009/11/22,237.6108376
2009/11/23,237.2427599
2009/11/24,237
2009/11/25,236.9696025
2009/11/26,237
2009/11/27,236.9306023
2009/11/28,236.8033412
2009/11/29,236.710779
2009/11/30,236.7454778
2009/12/1,237
2009/12/2,237.4995623
2009/12/3,238
2009/12/4,238.2569032
2009/12/5,238.2942631
2009/12/6,238.2031715
2009/12/7,238.0747199
2009/12/8,238
2009/12/9,238.0230882
2009/12/10,238
2009/12/11,237.7996805
2009/12/12,237.5308528
2009/12/13,237.362185
2009/12/14,237.4623448
2009/12/15,238
2009/12/16,239.01101
2009/12/17,240
2009/12/18,240.4697606
2009/12/19,240.4469794
2009/12/20,240.0893178
2009/12/21,239.5544375
2009/12/22,239
2009/12/23,238.5550682
2009/12/24,238.2343102
2009/12/25,238.0237953
2009/12/26,237.9095927
2009/12/27,237.8777719
2009/12/28,237.9144021
2009/12/29,238.0055527
2009/12/30,238.1372929
2009/12/31,238.2956922
2010/1/1,238.4668198
2010/1/2,238.636745
2010/1/3,238.7915373
2010/1/4,238.9172658
2010/1/5,239
2010/1/6,239.0282138
2010/1/7,239
2010/1/8,238.9316166
2010/1/9,238.9023639
2010/1/10,239.007303
2010/1/11,239.3414947
2010/1/12,240
2010/1/13,240.9941055
2010/1/14,242
2010/1/15,242.6985715
2010/1/16,243.124602
2010/1/17,243.4013466
2010/1/18,243.6520609
2010/1/19,244
2010/1/20,244.5083476
2010/1/21,245
2010/1/22,245.2945282
2010/1/23,245.4384891
2010/1/24,245.5351858
2010/1/25,245.6879217
2010/1/26,246
2010/1/27,246.5102993
2010/1/28,247
2010/1/29,247.27205
2010/1/30,247.474166
2010/1/31,247.840257
2010/2/1,248.6042321
2010/2/2,250
2010/2/3,252.058651
2010/2/4,254
2010/2/5,255.0607064
2010/2/6,255.3560832
2010/2/7,255.2211068
2010/2/8,254.9907536
2010/2/9,255
2010/2/10,255.4491727
2010/2/11,256
2010/2/12,256.293747
2010/2/13,256.4284239
2010/2/14,256.6162273
2010/2/15,257.0693538
2010/2/16,258
2010/2/17,259.4775327
2010/2/18,261
2010/2/19,262.0688682
2010/2/20,262.7705958
2010/2/21,263.3378893
2010/2/22,264.0034552
2010/2/23,265
2010/2/24,266.4456236
2010/2/25,268
2010/2/26,269.3163522
2010/2/27,270.4805264
2010/2/28,271.6865245
2010/3/1,273.1283484
2010/3/2,275
2010/3/3,277.394382
2010/3/4,280
2010/3/5,282.4622134
2010/3/6,284.6581946
2010/3/7,286.5230691
2010/3/8,287.9919624
2010/3/9,289
2010/3/10,289.5605562
2010/3/11,290
2010/3/12,290.6386119
2010/3/13,291.4593236
2010/3/14,292.3607292
2010/3/15,293.2414233
2010/3/16,294
2010/3/17,294.5669064
2010/3/18,295
2010/3/19,295.3786058
2010/3/20,295.7405088
2010/3/21,296.1131089
2010/3/22,296.523806
2010/3/23,297
2010/3/24,297.536781
2010/3/25,298
2010/3/26,298.2681053
2010/3/27,298.3991738
2010/3/28,298.4961897
2010/3/29,298.662137
2010/3/30,299
2010/3/31,299.5373365
2010/4/1,300
2010/4/2,300.1427523
2010/4/3,300.1376937
2010/4/4,300.2612589
2010/4/5,300.7898827
2010/4/6,302
2010/4/7,303.9717388
2010/4/8,306
2010/4/9,307.3718584
2010/4/10,308.1283106
2010/4/11,308.4988336
2010/4/12,308.7129043
2010/4/13,309
2010/4/14,309.5007008
2010/4/15,310
2010/4/16,310.3872833
2010/4/17,311.3250932
2010/4/18,313.6692615
2010/4/19,318.2756198
2010/4/20,326
2010/4/21,336.7949646
2010/4/22,347
2010/4/23,353.0877725
2010/4/24,355.6767458
2010/4/25,356.4218328
2010/4/26,356.9779466
2010/4/27,359
2010/4/28,363.3852088
2010/4/29,368
2010/4/30,370.5985173
2010/5/1,371.5165614
2010/5/2,371.7353467
2010/5/3,372.236088
2010/5/4,374
2010/5/5,377.603023
2010/5/6,382
2010/5/7,385.9874671
2010/5/8,389.3498289
2010/5/9,392.1184571
2010/5/10,394.3247235
2010/5/11,396
2010/5/12,397.2121176
2010/5/13,398.1747449
2010/5/14,399.1380097
2010/5/15,400.3520397
2010/5/16,402.0669629
2010/5/17,404.532907
2010/5/18,408
2010/5/19,412.4761016
2010/5/20,417
2010/5/21,420.622498
2010/5/22,423.41153
2010/5/23,425.6893129
2010/5/24,427.7780639
2010/5/25,430
2010/5/26,432.5358013
2010/5/27,435
2010/5/28,437.027177
2010/5/29,438.8982561
2010/5/30,441.0557467
2010/5/31,443.9421582
2010/6/1,448
2010/6/2,453.2467801
2010/6/3,458
2010/6/4,460.7233583
2010/6/5,462.1653471
2010/6/6,463.6456567
2010/6/7,466.4839775
2010/6/8,472
2010/6/9,480.5954256
2010/6/10,489
2010/6/11,493.9969072
2010/6/12,496.2550403
2010/6/13,497.4147198
2010/6/14,499.1162662
2010/6/15,503
2010/6/16,509.8468277
2010/6/17,517
2010/6/18,521.6849913
2010/6/19,524.0938255
2010/6/20,525.1601641
2010/6/21,525.8176684
2010/6/22,527
2010/6/23,529.3065964
2010/6/24,532
2010/6/25,534.2184472
2010/6/26,535.9398455
2010/6/27,537.3520202
2010/6/28,538.6427966
2010/6/29,540
2010/6/30,541.5283321
2010/7/1,543
2010/7/2,544.1870767
2010/7/3,545.1935937
2010/7/4,546.2065724
2010/7/5,547.4130341
2010/7/6,549
2010/7/7,551.0215502
2010/7/8,553
2010/7/9,554.4697329
2010/7/10,555.5451695
2010/7/11,556.4857396
2010/7/12,557.5508732
2010/7/13,559
2010/7/14,560.9565559
2010/7/15,563
2010/7/16,564.6934629
2010/7/17,566.0787367
2010/7/18,567.3172791
2010/7/19,568.5705477
2010/7/20,570
2010/7/21,571.6379329
2010/7/22,573
2010/7/23,573.6230975
2010/7/24,573.6457341
2010/7/25,573.3568221
2010/7/26,573.0452733
2010/7/27,573
2010/7/28,573.4019231
2010/7/29,574
2010/7/30,574.5042648
2010/7/31,574.9010234
2010/8/1,575.2456496
2010/8/2,575.5935172
2010/8/3,576
2010/8/4,576.4941835
2010/8/5,577
2010/8/6,577.4381247
2010/8/7,577.8213567
2010/8/8,578.1855264
2010/8/9,578.5664641
2010/8/10,579
2010/8/11,579.500941
2010/8/12,580
2010/8/13,580.4284171
2010/8/14,580.8036337
2010/8/15,581.1646419
2010/8/16,581.5504333
2010/8/17,582
2010/8/18,582.5215305
2010/8/19,583
2010/8/20,583.3324408
2010/8/21,583.5873268
2010/8/22,583.8759925
2010/8/23,584.3097721
2010/8/24,585
2010/8/25,585.9836183
2010/8/26,587
2010/8/27,587.7953442
2010/8/28,588.4407243
2010/8/29,589.0884324
2010/8/30,589.8907603
2010/8/31,591
2010/9/1,592.4748957
2010/9/2,594
2010/9/3,595.2458073
2010/9/4,596.2007696
2010/9/5,596.9328283
2010/9/6,597.5099246
2010/9/7,598
2010/9/8,598.4721392
2010/9/9,599
2010/9/10,599.6256418
2010/9/11,600.260156
2010/9/12,600.7818919
2010/9/13,601.0691988
2010/9/14,601.0004262
2010/9/15,600.5402263
2010/9/16,600
2010/9/17,599.6978611
2010/9/18,599.6304808
2010/9/19,599.7141701
2010/9/20,599.8652395
2010/9/21,600
2010/9/22,600.0490326
2010/9/23,600
2010/9/24,599.8600232
2010/9/25,599.6569746
2010/9/26,599.4239143
2010/9/27,599.1939027
2010/9/28,599
2010/9/29,598.8936711
2010/9/30,599
2010/10/1,599.3845264
2010/10/2,599.8009944
2010/10/3,599.9251992
2010/10/4,599.432936
2010/10/5,598
2010/10/6,595.550275
2010/10/7,593
2010/10/8,591.2615677
2010/10/9,590.2396323
2010/10/10,589.5869129
2010/10/11,588.9561291
2010/10/12,588
2010/10/13,586.5309221
2010/10/14,585
2010/10/15,583.8676547
2010/10/16,582.9928644
2010/10/17,582.0842468
2010/10/18,580.8504195
2010/10/19,579
2010/10/20,576.4561241
2010/10/21,574
2010/10/22,572.3962655
2010/10/23,571.4852038
2010/10/24,570.8760093
2010/10/25,570.1778765
2010/10/26,569
2010/10/27,567.12135
2010/10/28,565
2010/10/29,563.1699794
2010/10/30,561.7900386
2010/10/31,560.9251081
2010/11/1,560.6401184
2010/11/2,561
2010/11/3,561.9554211
2010/11/4,563
2010/11/5,563.6263911
2010/11/6,563.7804413
2010/11/7,563.521296
2010/11/8,562.9081005
2010/11/9,562
2010/11/10,560.9141817
2010/11/11,560
2010/11/12,559.5507513
2010/11/13,559.4033313
2010/11/14,559.2805357
2010/11/15,558.90516
2010/11/16,558
2010/11/17,556.4764126
2010/11/18,555
2010/11/19,554.2231556
2010/11/20,553.9911916
2010/11/21,553.9476498
2010/11/22,553.7360719
2010/11/23,553
2010/11/24,551.5669081
2010/11/25,550
2010/11/26,548.8999478
2010/11/27,548.2815685
2010/11/28,548.0132153
2010/11/29,547.9632414
2010/11/30,548
2010/12/1,548.0159534
2010/12/2,548
2010/12/3,547.9659721
2010/12/4,547.9310016
2010/12/5,547.913045
2010/12/6,547.9300589
2010/12/7,548
2010/12/8,548.0945136
2010/12/9,548
2010/12/10,547.5477871
2010/12/11,546.9341584
2010/12/12,546.4466361
2010/12/13,546.3727425
2010/12/14,547
2010/12/15,548.4274237
2010/12/16,550
2010/12/17,551.0540728
2010/12/18,551.6454434
2010/12/19,552.0097776
2010/12/20,552.3827412
2010/12/21,553
2010/12/22,553.9834614
2010/12/23,555
2010/12/24,555.6894722
2010/12/25,556.0386956
2010/12/26,556.1212282
2010/12/27,556.0106281
2010/12/28,555.780453
2010/12/29,555.5042611
2010/12/30,555.2556102
2010/12/31,555.1080583
2011/1/1,555.1351634
2011/1/2,555.4104834
2011/1/3,556.0075763
2011/1/4,557
2011/1/5,558.4031785
2011/1/6,560
2011/1/7,561.5611773
2011/1/8,563.0412588
2011/1/9,564.4407516
2011/1/10,565.760163
2011/1/11,567
2011/1/12,568.1303974
2011/1/13,569
2011/1/14,569.5064751
2011/1/15,569.8650702
2011/1/16,570.3704277
2011/1/17,571.3171902
2011/1/18,573
2011/1/19,575.4940572
2011/1/20,577.9967916
2011/1/21,579.7343446
2011/1/22,580.9298942
2011/1/23,582.0569881
2011/1/24,583.5891742
2011/1/25,586
2011/1/26,589.4690431
2011/1/27,593
2011/1/28,595.5872059
2011/1/29,597.3634305
2011/1/30,598.7460522
2011/1/31,600.1524492
2011/2/1,602
2011/2/2,604.4950734
2011/2/3,607
2011/2/4,608.8743517
2011/2/5,610.3107027
2011/2/6,611.7098778
2011/2/7,613.472702
2011/2/8,616
2011/2/9,619.4486822
2011/2/10,623
2011/2/11,625.8384672
2011/2/12,628.1373038
2011/2/13,630.3169069
2011/2/14,632.7976734
2011/2/15,636
2011/2/16,640.0629185
2011/2/17,644
2011/2/18,646.8440498
2011/2/19,648.8302714
2011/2/20,650.4944682
2011/2/21,652.3724434
2011/2/22,655
2011/2/23,658.5820575
2011/2/24,662
2011/2/25,664.1491637
2011/2/26,665.3042291
2011/2/27,666.0847127
2011/2/28,667.1101308
2011/3/1,669
2011/3/2,672.017442
2011/3/3,675
2011/3/4,676.7789845
2011/3/5,677.586355
2011/3/6,678.0042333
2011/3/7,678.614741
2011/3/8,680
2011/3/9,682.4392246
2011/3/10,685
2011/3/11,686.7318771
2011/3/12,687.8238993
2011/3/13,688.7499829
2011/3/14,689.9840443
2011/3/15,692
2011/3/16,694.9876088
2011/3/17,698
2011/3/18,700.0913636
2011/3/19,701.4567634
2011/3/20,702.5764813
2011/3/21,703.9307995
2011/3/22,706
2011/3/23,708.9888428
2011/3/24,712
2011/3/25,714.0978955
2011/3/26,715.2960494
2011/3/27,715.8452554
2011/3/28,715.9963077
2011/3/29,716
2011/3/30,716.0360663
2011/3/31,716
2011/4/1,715.7754917
2011/4/2,715.4832609
2011/4/3,715.3032842
2011/4/4,715.4155384
2011/4/5,716
2011/4/6,717.0734642
2011/4/7,718
2011/4/8,718.1528162
2011/4/9,717.5944078
2011/4/10,716.5595913
2011/4/11,715.2831832
2011/4/12,714
2011/4/13,712.9007864
2011/4/14,712
2011/4/15,711.2405673
2011/4/16,710.4555768
2011/4/17,709.450658
2011/4/18,708.03144
2011/4/19,706.003552
2011/4/20,703.379128
2011/4/21,701
2011/4/22,699.6640275
2011/4/23,699.1597863
2011/4/24,699.0235313
2011/4/25,698.7915176
2011/4/26,698
2011/4/27,696.4497994
2011/4/28,695
2011/4/29,694.5055738
2011/4/30,694.74678
2011/5/1,695.2351991
2011/5/2,695.4824122
2011/5/3,695
2011/5/4,693.5629654
2011/5/5,692
2011/5/6,691.1830558
2011/5/7,691.103439
2011/5/8,691.5322943
2011/5/9,692.2407664
2011/5/10,693
2011/5/11,693.6117234
2011/5/12,694
2011/5/13,694.151458
2011/5/14,694.1806516
2011/5/15,694.2341161
2011/5/16,694.4583871
2011/5/17,695
2011/5/18,695.9278161
2011/5/19,697
2011/5/20,697.9502931
2011/5/21,698.725442
2011/5/22,699.3254442
2011/5/23,699.7502977
2011/5/24,700
2011/5/25,700.0778061
2011/5/26,700
2011/5/27,699.794437
2011/5/28,699.5222291
2011/5/29,699.2528028
2011/5/30,699.0555843
2011/5/31,699
2011/6/1,699.1309616
2011/6/2,699.395323
2011/6/3,699.7154233
2011/6/4,700.0136019
2011/6/5,700.212198
2011/6/6,700.233551
2011/6/7,700
2011/6/8,699.5016914
2011/6/9,699
2011/6/10,698.7364102
2011/6/11,698.6016172
2011/6/12,698.3986192
2011/6/13,697.9304141
2011/6/14,697
2011/6/15,695.5398077
2011/6/16,694
2011/6/17,692.8370317
2011/6/18,692.0147956
2011/6/19,691.3740436
2011/6/20,690.7555277
2011/6/21,690
2011/6/22,689.0180979
2011/6/23,688
2011/6/24,687.13802
2011/6/25,686.3534692
2011/6/26,685.4999084
2011/6/27,684.4308984
2011/6/28,683
2011/6/29,681.1274264
2011/6/30,679
2011/7/1,676.8279022
2011/7/2,674.6481398
2011/7/3,672.4544264
2011/7/4,670.2404753
2011/7/5,668
2011/7/6,665.7999226
2011/7/7,664
2011/7/8,662.8639459
2011/7/9,661.9784657
2011/7/10,660.7610125
2011/7/11,658.6290395
2011/7/12,655
2011/7/13,649.8012804
2011/7/14,645
2011/7/15,642.4919951
2011/7/16,641.8482372
2011/7/17,642.0584818
2011/7/18,642.1124843
2011/7/19,641
2011/7/20,638.1814603
2011/7/21,635
2011/7/22,632.8603718
2011/7/23,631.5310958
2011/7/24,630.3716339
2011/7/25,628.7414479
2011/7/26,626
2011/7/27,621.9291062
2011/7/28,618
2011/7/29,615.6602142
2011/7/30,614.5730624
2011/7/31,613.9558036
2011/8/1,613.0256965
2011/8/2,611
2011/8/3,607.5296137
2011/8/4,604
2011/8/5,601.797205
2011/8/6,600.5750465
2011/8/7,599.5542856
2011/8/8,597.9556831
2011/8/9,595
2011/8/10,590.4204427
2011/8/11,586
2011/8/12,583.5171086
2011/8/13,582.6822145
2011/8/14,582.6887661
2011/8/15,582.7302118
2011/8/16,582
2011/8/17,580.0667794
2011/8/18,578
2011/8/19,576.9065082
2011/8/20,576.5419351
2011/8/21,576.3241078
2011/8/22,575.6708537
2011/8/23,574
2011/8/24,571.069281
2011/8/25,567.9960597
2011/8/26,565.9124784
2011/8/27,564.6559347
2011/8/28,563.7415757
2011/8/29,562.6845485
2011/8/30,561
2011/8/31,558.4769614
2011/9/1,556
2011/9/2,554.4487501
2011/9/3,553.587577
2011/9/4,552.9020289
2011/9/5,551.8776538
2011/9/6,550
2011/9/7,547.0512345
2011/9/8,544
2011/9/9,541.8356306
2011/9/10,540.44375
2011/9/11,539.434054
2011/9/12,538.4162387
2011/9/13,537
2011/9/14,534.9936544
2011/9/15,533
2011/9/16,531.6262815
2011/9/17,530.7030475
2011/9/18,529.8666728
2011/9/19,528.7535321
2011/9/20,527
2011/9/21,524.4777937
2011/9/22,522
2011/9/23,520.3592702
2011/9/24,519.3251438
2011/9/25,518.4113823
2011/9/26,517.1317472
2011/9/27,515
2011/9/28,511.7505003
2011/9/29,508
2011/9/30,504.4015312
2011/10/1,500.8708543
2011/10/2,497.1394118
2011/10/3,492.9386462
2011/10/4,488
2011/10/5,482.3255612
2011/10/6,477
2011/10/7,473.1143009
2011/10/8,470.7021233
2011/10/9,469.5327953
2011/10/10,469.3756448
2011/10/11,470
2011/10/12,471.0913715
2011/10/13,472
2011/10/14,472.1512943
2011/10/15,471.6066051
2011/10/16,470.5862689
2011/10/17,469.3106217
2011/10/18,468
2011/10/19,466.8553428
2011/10/20,466
2011/10/21,465.4683137
2011/10/22,465.0161826
2011/10/23,464.3298946
2011/10/24,463.0957378
2011/10/25,461
2011/10/26,457.9828526
2011/10/27,455
2011/10/28,453.0055443
2011/10/29,451.931644
2011/10/30,451.4549714
2011/10/31,451.2521993
2011/11/1,451
2011/11/2,450.4932949
2011/11/3,450
2011/11/4,449.7922767
2011/11/5,449.6862718
2011/11/6,449.3841285
2011/11/7,448.5879902
2011/11/8,447
2011/11/9,444.5401716
2011/11/10,442
2011/11/11,440.1774765
2011/11/12,439.025095
2011/11/13,438.2839753
2011/11/14,437.6952371
2011/11/15,437
2011/11/16,436.0325703
2011/11/17,435
2011/11/18,434.1435753
2011/11/19,433.4687719
2011/11/20,432.922113
2011/11/21,432.4501218
2011/11/22,431.9993215
2011/11/23,431.5228265
2011/11/24,431
2011/11/25,430.4231598
2011/11/26,429.8103118
2011/11/27,429.185884
2011/11/28,428.5743041
2011/11/29,428
2011/11/30,427.4797833
2011/12/1,427
2011/12/2,426.5356749
2011/12/3,426.0470128
2011/12/4,425.4905131
2011/12/5,424.8226756
2011/12/6,424
2011/12/7,423.0144692
2011/12/8,422
2011/12/9,421.0826117
2011/12/10,420.2148014
2011/12/11,419.3056851
2011/12/12,418.2643792
2011/12/13,417
2011/12/14,415.4918528
2011/12/15,414
2011/12/16,412.7879413
2011/12/17,411.8521701
2011/12/18,411.1224283
2011/12/19,410.5284576
2011/12/20,410
2011/12/21,409.4844733
2011/12/22,409
2011/12/23,408.5744857
2011/12/24,408.2042637
2011/12/25,407.8777745
2011/12/26,407.5834583
2011/12/27,407.3097555
2011/12/28,407.0451065
2011/12/29,406.7779515
2011/12/30,406.496731
2011/12/31,406.1898852
2012/1/1,405.8458546
2012/1/2,405.4530794
2012/1/3,405
2012/1/4,404.4917205
2012/1/5,404
2012/1/6,403.5901846
2012/1/7,403.235314
2012/1/8,402.8853511
2012/1/9,402.4902588
2012/1/10,402
2012/1/11,401.4228084
2012/1/12,401
2012/1/13,400.9456637
2012/1/14,401.1318964
2012/1/15,401.3452973
2012/1/16,401.3724655
2012/1/17,401
2012/1/18,400.1141794
2012/1/19,399
2012/1/20,397.9743984
2012/1/21,397.0833556
2012/1/22,396.3051135
2012/1/23,395.6179144
2012/1/24,395
2012/1/25,394.4439883
2012/1/26,394
2012/1/27,393.7027895
2012/1/28,393.4681416
2012/1/29,393.182099
2012/1/30,392.7307042
2012/1/31,392
2012/2/1,390.9704247
2012/2/2,390
2012/2/3,389.4381855
2012/2/4,389.2226087
2012/2/5,389.1879391
2012/2/6,389.1688464
2012/2/7,389
2012/2/8,388.572104
2012/2/9,388
2012/2/10,387.430908
2012/2/11,386.9174231
2012/2/12,386.4884841
2012/2/13,386.1730301
2012/2/14,386
2012/2/15,385.9737118
2012/2/16,386
2012/2/17,385.9779779
2012/2/18,385.8783563
2012/2/19,385.6897459
2012/2/20,385.400757
2012/2/21,385
2012/2/22,384.4988825
2012/2/23,384
2012/2/24,383.6053222
2012/2/25,383.3231277
2012/2/26,383.1382721
2012/2/27,383.0356109
2012/2/28,383
2012/2/29,383.007626
2012/3/1,383
2012/3/2,382.9389036
2012/3/3,382.9018764
2012/3/4,382.9953974
2012/3/5,383.3259456
2012/3/6,384
2012/3/7,385.0234717
2012/3/8,386
2012/3/9,386.5463684
2012/3/10,386.7342088
2012/3/11,386.7488649
2012/3/12,386.7756807
2012/3/13,387
2012/3/14,387.5093511
2012/3/15,388
2012/3/16,388.1654491
2012/3/17,388.0794099
2012/3/18,387.9106462
2012/3/19,387.8279217
2012/3/20,388
2012/3/21,388.4976924
2012/3/22,389
2012/3/23,389.1846316
2012/3/24,389.1159371
2012/3/25,388.9549269
2012/3/26,388.8626111
2012/3/27,389
2012/3/28,389.4522046
2012/3/29,390.0007388
2012/3/30,390.4003125
2012/3/31,390.6011451
2012/4/1,390.6021171
2012/4/2,390.4021086
2012/4/3,390
2012/4/4,389.4465461
2012/4/5,389
2012/4/6,388.8966864
2012/4/7,389.077719
2012/4/8,389.4104083
2012/4/9,389.762065
2012/4/10,390
2012/4/11,390.0410304
2012/4/12,390
2012/4/13,390.0227294
2012/4/14,390.1809212
2012/4/15,390.5277483
2012/4/16,391.1163835
2012/4/17,392
2012/4/18,393.123662
2012/4/19,394
2012/4/20,394.194895
2012/4/21,393.9196651
2012/4/22,393.5469877
2012/4/23,393.4495402
2012/4/24,394
2012/4/25,395.3791256
2012/4/26,397
2012/4/27,398.2304553
2012/4/28,399.0249957
2012/4/29,399.4847933
2012/4/30,399.7110204
2012/5/1,399.8048491
2012/5/2,399.8674516
2012/5/3,400
2012/5/4,400.2856429
2012/5/5,400.7354342
2012/5/6,401.342404
2012/5/7,402.0995825
2012/5/8,403
2012/5/9,404.0113526
2012/5/10,405
2012/5/11,405.8386595
2012/5/12,406.5268144
2012/5/13,407.0956395
2012/5/14,407.5763098
2012/5/15,408
2012/5/16,408.3979169
2012/5/17,408.8013944
2012/5/18,409.2417986
2012/5/19,409.7504954
2012/5/20,410.3588506
2012/5/21,411.0982301
2012/5/22,412
2012/5/23,413.0435043
2012/5/24,414
2012/5/25,414.6475177
2012/5/26,414.9992694
2012/5/27,415.1272622
2012/5/28,415.1035033
2012/5/29,415
2012/5/30,414.9085359
2012/5/31,415
2012/6/1,415.4020616
2012/6/2,415.9904047
2012/6/3,416.577717
2012/6/4,416.9766862
2012/6/5,417
2012/6/6,416.5640446
2012/6/7,416
2012/6/8,415.6509111
2012/6/9,415.4924889
2012/6/10,415.4086112
2012/6/11,415.2831557
2012/6/12,415
2012/6/13,414.5060094
2012/6/14,414
2012/6/15,413.684153
2012/6/16,413.5221601
2012/6/17,413.4180907
2012/6/18,413.2760142
2012/6/19,413
2012/6/20,412.5363129
2012/6/21,412
2012/6/22,411.5104435
2012/6/23,411.0355844
2012/6/24,410.5055036
2012/6/25,409.8502819
2012/6/26,409
2012/6/27,407.9554164
2012/6/28,407
2012/6/29,406.4002528
2012/6/30,406.0720993
2012/7/1,405.8438194
2012/7/2,405.5436929
2012/7/3,405
2012/7/4,404.1041412
2012/7/5,403
2012/7/6,401.8657789
2012/7/7,400.764474
2012/7/8,399.7302796
2012/7/9,398.7973901
2012/7/10,398
2012/7/11,397.3787417
2012/7/12,397
2012/7/13,396.9022552
2012/7/14,396.9866163
2012/7/15,397.1198499
2012/7/16,397.1687224
2012/7/17,397
2012/7/18,396.5458447
2012/7/19,396
2012/7/20,395.5738824
2012/7/21,395.288019
2012/7/22,395.1152144
2012/7/23,395.0282731
2012/7/24,395
2012/7/25,395.001865
2012/7/26,395
2012/7/27,394.9615813
2012/7/28,394.8633008
2012/7/29,394.6842298
2012/7/30,394.4034392
2012/7/31,394
2012/8/1,393.4853008
2012/8/2,393
2012/8/3,392.6685246
2012/8/4,392.4211052
2012/8/5,392.1394235
2012/8/6,391.7051613
2012/8/7,391
2012/8/8,389.992658
2012/8/9,389
2012/8/10,388.3427791
2012/8/11,388.009156
2012/8/12,387.9041433
2012/8/13,387.9327538
2012/8/14,388
2012/8/15,388.0270883
2012/8/16,388
2012/8/17,387.9118859
2012/8/18,387.7197996
2012/8/19,387.3717703
2012/8/20,386.8158274
2012/8/21,386
2012/8/22,384.9497164
2012/8/23,384
2012/8/24,383.4657157
2012/8/25,383.2714972
2012/8/26,383.244421
2012/8/27,383.2115632
2012/8/28,383
2012/8/29,382.5181749
2012/8/30,382
2012/8/31,381.6895655
2012/9/1,381.5462044
2012/9/2,381.4580605
2012/9/3,381.3132778
2012/9/4,381
2012/9/5,380.4788042
2012/9/6,380
2012/9/7,379.8020275
2012/9/8,379.7861154
2012/9/9,379.7691896
2012/9/10,379.5681758
2012/9/11,379
2012/9/12,378.0028548
2012/9/13,377
2012/9/14,376.4162942
2012/9/15,376.1979235
2012/9/16,376.1714056
2012/9/17,376.1632585
2012/9/18,376
2012/9/19,375.5688705
2012/9/20,375
2012/9/21,374.462086
2012/9/22,374.0352062
2012/9/23,373.7772834
2012/9/24,373.7462404
2012/9/25,374
2012/9/26,374.5222826
2012/9/27,375
2012/9/28,375.1325419
2012/9/29,374.9660204
2012/9/30,374.6332279
2012/10/1,374.266957
2012/10/2,374
2012/10/3,373.9270543
2012/10/4,373.9904362
2012/10/5,374.0943668
2012/10/6,374.1430674
2012/10/7,374.040759
2012/10/8,373.6916628
2012/10/9,373
2012/10/10,371.9692593
2012/10/11,371
2012/10/12,370.4834901
2012/10/13,370.3767617
2012/10/14,370.5282884
2012/10/15,370.7865434
2012/10/16,371
2012/10/17,371.0563302
2012/10/18,371
2012/10/19,370.8910204
2012/10/20,370.6947877
2012/10/21,370.3530449
2012/10/22,369.8075347
2012/10/23,369
2012/10/24,367.951455
2012/10/25,367
2012/10/26,366.4645499
2012/10/27,366.270193
2012/10/28,366.2435613
2012/10/29,366.2112864
2012/10/30,366
2012/10/31,365.517969
2012/11/1,365
2012/11/2,364.6909624
2012/11/3,364.5494361
2012/11/4,364.4624286
2012/11/5,364.3169474
2012/11/6,364
2012/11/7,363.4736269
2012/11/8,363
2012/11/9,362.8345224
2012/11/10,362.9053898
2012/11/11,363.0589959
2012/11/12,363.1417347
2012/11/13,363
2012/11/14,362.5515999
2012/11/15,362
2012/11/16,361.5695616
2012/11/17,361.2825728
2012/11/18,361.1108031
2012/11/19,361.0260223
2012/11/20,361
2012/11/21,361.0030921
2012/11/22,361
2012/11/23,360.9571565
2012/11/24,360.8535757
2012/11/25,360.6714165
2012/11/26,360.3928382
2012/11/27,360
2012/11/28,359.5000384
2012/11/29,359
2012/11/30,358.6069527
2012/12/1,358.3281407
2012/12/2,358.1458524
2012/12/3,358.0423761
2012/12/4,358
2012/12/5,357.9975498
2012/12/6,358
2012/12/7,357.9709531
2012/12/8,357.8823742
2012/12/9,357.7083186
2012/12/10,357.422842
2012/12/11,357
2012/12/12,356.4590429
2012/12/13,356
2012/12/14,355.7999648
2012/12/15,355.7635076
2012/12/16,355.727068
2012/12/17,355.5270856
2012/12/18,355
2012/12/19,354.0684661
2012/12/20,353
2012/12/21,352.0861055
2012/12/22,351.3693748
2012/12/23,350.8301722
2012/12/24,350.448862
2012/12/25,350.2058086
2012/12/26,350.0813764
2012/12/27,350.0559296
2012/12/28,350.1098327
2012/12/29,350.2234499
2012/12/30,350.3771456
2012/12/31,350.5512841
2013/1/1,350.7262298
2013/1/2,350.882347
2013/1/3,351
2013/1/4,351.0649608
2013/1/5,351.0846315
2013/1/6,351.0718218
2013/1/7,351.0393414
2013/1/8,351
2013/1/9,350.9726107
2013/1/10,351
2013/1/11,351.1096565
2013/1/12,351.2437031
2013/1/13,351.3229215
2013/1/14,351.2680932
2013/1/15,351
2013/1/16,350.5010303
2013/1/17,350
2013/1/18,349.7263022
2013/1/19,349.66521
2013/1/20,349.7409667
2013/1/21,349.8778156
2013/1/22,350
2013/1/23,350.0445946
2013/1/24,350
2013/1/25,349.87959
2013/1/26,349.745304
2013/1/27,349.6712231
2013/1/28,349.7314281
2013/1/29,350
2013/1/30,350.4936988
2013/1/31,351
2013/2/1,351.3108507
2013/2/2,351.4653673
2013/2/3,351.5644585
2013/2/4,351.7090331
2013/2/5,352
2013/2/6,352.4851747
2013/2/7,353
2013/2/8,353.3636167
2013/2/9,353.5423295
2013/2/10,353.5392338
2013/2/11,353.3574255
2013/2/12,353
2013/2/13,352.498718
2013/2/14,352
2013/2/15,351.6495486
2013/2/16,351.4755347
2013/2/17,351.4767466
2013/2/18,351.6519723
2013/2/19,352
2013/2/20,352.4934161
2013/2/21,353
2013/2/22,353.3918438
2013/2/23,353.6630964
2013/2/24,353.8384208
2013/2/25,353.94248
2013/2/26,353.9999372
2013/2/27,354.0262637
2013/2/28,354
2013/3/1,353.9063795
2013/3/2,353.7945023
2013/3/3,353.7294354
2013/3/4,353.7762457
2013/3/5,354
2013/3/6,354.4359392
2013/3/7,355
2013/3/8,355.596245
2013/3/9,356.2005449
2013/3/10,356.8067222
2013/3/11,357.4085997
2013/3/12,358
2013/3/13,358.5589132
2013/3/14,359
2013/3/15,359.2549122
2013/3/16,359.3865972
2013/3/17,359.490826
2013/3/18,359.6633699
2013/3/19,360
2013/3/20,360.527912
2013/3/21,361
2013/3/22,361.1847889
2013/3/23,361.1876279
2013/3/24,361.1980725
2013/3/25,361.4056781
2013/3/26,362
2013/3/27,363.0322169
2013/3/28,364
2013/3/29,364.411062
2013/3/30,364.3667887
2013/3/31,364.1169845
2013/4/1,363.9114535
2013/4/2,364
2013/4/3,364.5001104
2013/4/4,365
2013/4/5,365.087946
2013/4/6,364.8817438
2013/4/7,364.6315687
2013/4/8,364.5875957
2013/4/9,365
2013/4/10,365.9696266
2013/4/11,367
2013/4/12,367.5856357
2013/4/13,367.7823331
2013/4/14,367.7862127
2013/4/15,367.7933949
2013/4/16,368
2013/4/17,368.5026534
2013/4/18,369
2013/4/19,369.1841704
2013/4/20,369.1192196
2013/4/21,368.9621836
2013/4/22,368.8700984
2013/4/23,369
2013/4/24,369.4396859
2013/4/25,370
2013/4/26,370.4740101
2013/4/27,370.8606345
2013/4/28,371.2102537
2013/4/29,371.5732487
2013/4/30,372
2013/5/1,372.5101016
2013/5/2,373
2013/5/3,373.3637987
2013/5/4,373.609376
2013/5/5,373.773054
2013/5/6,373.8911546
2013/5/7,374
2013/5/8,374.1284666
2013/5/9,374.2756487
2013/5/10,374.4331952
2013/5/11,374.5927547
2013/5/12,374.7459762
2013/5/13,374.8845084
2013/5/14,375
2013/5/15,375.0680428
2013/5/16,375
2013/5/17,374.7315441
2013/5/18,374.3598124
2013/5/19,374.0223087
2013/5/20,373.8565367
2013/5/21,374
2013/5/22,374.4946214
2013/5/23,375
2013/5/24,375.1807228
2013/5/25,375.1036525
2013/5/26,374.9362208
2013/5/27,374.8458594
2013/5/28,375
2013/5/29,375.477135
2013/5/30,376
2013/5/31,376.2785261
2013/6/1,376.3271838
2013/6/2,376.2365785
2013/6/3,376.0973154
2013/6/4,376
2013/6/5,375.9985333
2013/6/6,376
2013/6/7,375.9106632
2013/6/8,375.7803174
2013/6/9,375.6946401
2013/6/10,375.7393085
2013/6/11,376
2013/6/12,376.4983718
2013/6/13,377
2013/6/14,377.269549
2013/6/15,377.324117
2013/6/16,377.2439105
2013/6/17,377.1091359
2013/6/18,377
2013/6/19,376.9742754
2013/6/20,377
2013/6/21,377.0308057
2013/6/22,377.0524366
2013/6/23,377.0586646
2013/6/24,377.0432618
2013/6/25,377
2013/6/26,376.9470279
2013/6/27,377
2013/6/28,377.2529067
2013/6/29,377.6155745
2013/6/30,377.9517889
2013/7/1,378.1253355
2013/7/2,378
2013/7/3,377.5261682
2013/7/4,377.0006272
2013/7/5,376.734894
2013/7/6,376.7517228
2013/7/7,377.0013555
2013/7/8,377.4340339
2013/7/9,378
2013/7/10,378.6079003
2013/7/11,379
2013/7/12,378.9549935
2013/7/13,378.5636732
2013/7/14,377.9948562
2013/7/15,377.4173594
2013/7/16,377
2013/7/17,376.8714747
2013/7/18,377
2013/7/19,377.305818
2013/7/20,377.6777549
2013/7/21,377.9967828
2013/7/22,378.1438738
2013/7/23,378
2013/7/24,377.5257277
2013/7/25,377
2013/7/26,376.7081674
2013/7/27,376.6428338
2013/7/28,376.7234166
2013/7/29,376.8693329
2013/7/30,377
2013/7/31,377.0481783
2013/8/1,377
2013/8/2,376.8685774
2013/8/3,376.7215699
2013/8/4,376.6402737
2013/8/5,376.705985
2013/8/6,377
2013/8/7,377.5288492
2013/8/8,378
2013/8/9,378.1290755
2013/8/10,377.9633838
2013/8/11,377.6331543
2013/8/12,377.2686166
2013/8/13,377
2013/8/14,376.923603
2013/8/15,377
2013/8/16,377.1549831
2013/8/17,377.3109391
2013/8/18,377.3894036
2013/8/19,377.3119121
2013/8/20,377
2013/8/21,376.4553209
2013/8/22,376
2013/8/23,375.9311424
2013/8/24,376.1253
2013/8/25,376.3538864
2013/8/26,376.3883152
2013/8/27,376
2013/8/28,375.0802555
2013/8/29,374
2013/8/30,373.1590951
2013/8/31,372.5935707
2013/9/1,372.2484988
2013/9/2,372.0689512
2013/9/3,372
2013/9/4,371.9899453
2013/9/5,372
2013/9/6,372.0017462
2013/9/7,371.9953311
2013/9/8,371.9880429
2013/9/9,371.9871697
2013/9/10,372
2013/9/11,372.0218314
2013/9/12,372
2013/9/13,371.8940672
2013/9/14,371.7604589
2013/9/15,371.679817
2013/9/16,371.7327834
2013/9/17,372
2013/9/18,372.4996397
2013/9/19,373
2013/9/20,373.2691764
2013/9/21,373.3243331
2013/9/22,373.2449017
2013/9/23,373.1103135
2013/9/24,373
2013/9/25,372.9721523
2013/9/26,373
2013/9/27,373.041177
2013/9/28,373.0758949
2013/9/29,373.0900097
2013/9/30,373.0693773
2013/10/1,372.9998539
2013/10/2,372.8732768
2013/10/3,372.7053034
2013/10/4,372.5175197
2013/10/5,372.3315116
2013/10/6,372.168865
2013/10/7,372.0511658
2013/10/8,372
2013/10/9,372.0140019
2013/10/10,372
2013/10/11,371.870306
2013/10/12,371.650972
2013/10/13,371.396485
2013/10/14,371.161332
2013/10/15,371
2013/10/16,370.9523826
2013/10/17,371
2013/10/18,371.1057065
2013/10/19,371.2160671
2013/10/20,371.2735744
2013/10/21,371.2207212
2013/10/22,371
2013/10/23,370.575788
2013/10/24,370
2013/10/25,369.3589923
2013/10/26,368.7893482
2013/10/27,368.440208
2013/10/28,368.4607118
2013/10/29,369
2013/10/30,370.0532764
2013/10/31,371
2013/11/1,371.2414644
2013/11/2,370.8820475
2013/11/3,370.2018985
2013/11/4,369.4811663
2013/11/5,369
2013/11/6,368.9289284
2013/11/7,369
2013/11/8,368.9134629
2013/11/9,368.6808458
2013/11/10,368.3914972
2013/11/11,368.1347657
2013/11/12,368
2013/11/13,368.0198286
2013/11/14,368
2013/11/15,367.7573667
2013/11/16,367.3800773
2013/11/17,367.0241046
2013/11/18,366.8454212
2013/11/19,367
2013/11/20,367.5272093
2013/11/21,368
2013/11/22,367.9985604
2013/11/23,367.5984448
2013/11/24,366.9990489
2013/11/25,366.3997687
2013/11/26,366
2013/11/27,365.924566
2013/11/28,366
2013/11/29,366.0185921
2013/11/30,365.9339505
2013/12/1,365.7400128
2013/12/2,365.4307168
2013/12/3,365
2013/12/4,364.4730433
2013/12/5,364
2013/12/6,363.7159277
2013/12/7,363.5705283
2013/12/8,363.4671651
2013/12/9,363.3092013
2013/12/10,363
2013/12/11,362.5002572
2013/12/12,362
2013/12/13,361.6893997
2013/12/14,361.5298723
2013/12/15,361.425645
2013/12/16,361.2809452
2013/12/17,361
2013/12/18,360.5312514
2013/12/19,360
2013/12/20,359.5460938
2013/12/21,359.1907132
2013/12/22,358.9253714
2013/12/23,358.7415816
2013/12/24,358.6308572
2013/12/25,358.5847113
2013/12/26,358.5946572
2013/12/27,358.6522083
2013/12/28,358.7488778
2013/12/29,358.8761788
2013/12/30,359.0256248
2013/12/31,359.1887289
2014/1/1,359.3570044
2014/1/2,359.5219646
2014/1/3,359.6751228
2014/1/4,359.8079921
2014/1/5,359.9120859
2014/1/6,359.9789175
2014/1/7,360
2014/1/8,359.9829754
2014/1/9,360
2014/1/10,360.1098721
2014/1/11,360.2534433
2014/1/12,360.3420784
2014/1/13,360.2871423
2014/1/14,360
2014/1/15,359.4701968
2014/1/16,359
2014/1/17,358.8829872
2014/1/18,359.0652547
2014/1/19,359.4060286
2014/1/20,359.764535
2014/1/21,360
2014/1/22,360.0293109
2014/1/23,360
2014/1/24,360.0680137
2014/1/25,360.1923098
2014/1/26,360.2825991
2014/1/27,360.2485922
2014/1/28,360
2014/1/29,359.5092953
2014/1/30,359
2014/1/31,358.6928413
2014/2/1,358.546319
2014/2/2,358.453376
2014/2/3,358.3069554
2014/2/4,358
2014/2/5,357.4909921
2014/2/6,357.0005711
2014/2/7,356.7523905
2014/2/8,356.7188884
2014/2/9,356.8094195
2014/2/10,356.9333385
2014/2/11,357
2014/2/12,356.9688875
2014/2/13,357
2014/2/14,357.243918
2014/2/15,357.6130329
2014/2/16,357.9601888
2014/2/17,358.1382298
2014/2/18,358
2014/2/19,357.5000804
2014/2/20,357
2014/2/21,356.8613327
2014/2/22,357.0388847
2014/2/23,357.3857704
2014/2/24,357.7551041
2014/2/25,358
2014/2/26,358.0324556
2014/2/27,358
2014/2/28,358.0603378
2014/3/1,358.1763417
2014/3/2,358.2621767
2014/3/3,358.2320078
2014/3/4,358
2014/3/5,357.5319273
2014/3/6,357
2014/3/7,356.5863078
2014/3/8,356.3060212
2014/3/9,356.1325806
2014/3/10,356.0394267
2014/3/11,356
2014/3/12,355.9907298
2014/3/13,356
2014/3/14,356.0190031
2014/3/15,356.0382118
2014/3/16,356.047919
2014/3/17,356.0384174
2014/3/18,356
2014/3/19,355.9482609
2014/3/20,356
2014/3/21,356.2510434
2014/3/22,356.6121158
2014/3/23,356.9476665
2014/3/24,357.1221447
2014/3/25,357
2014/3/26,356.5302267
2014/3/27,356
2014/3/28,355.705422
2014/3/29,355.6401219
2014/3/30,355.7221108
2014/3/31,355.8693998
2014/4/1,356
2014/4/2,356.0465251
2014/4/3,356
2014/4/4,355.8775035
2014/4/5,355.7419198
2014/4/6,355.6675843
2014/4/7,355.7288326
2014/4/8,356
2014/4/9,356.4967428
2014/4/10,357
2014/4/11,357.2968865
2014/4/12,357.4339384
2014/4/13,357.522547
2014/4/14,357.6741038
2014/4/15,358
2014/4/16,358.53408
2014/4/17,359
2014/4/18,359.124501
2014/4/19,358.9568514
2014/4/20,358.6269513
2014/4/21,358.2647008
2014/4/22,358
2014/4/23,357.9273931
2014/4/24,358
2014/4/25,358.1462809
2014/4/26,358.3374805
2014/4/27,358.5555397
2014/4/28,358.7823992
2014/4/29,359
2014/4/30,359.1968537
2014/5/1,359.3877555
2014/5/2,359.5940716
2014/5/3,359.8371678
2014/5/4,360.1384104
2014/5/5,360.5191653
2014/5/6,361.0007987
2014/5/7,361.5605581
2014/5/8,362
2014/5/9,362.1416215
2014/5/10,362.0665931
2014/5/11,361.920754
2014/5/12,361.8499433
2014/5/13,362
2014/5/14,362.4485042
2014/5/15,363
2014/5/16,363.4381937
2014/5/17,363.7364773
2014/5/18,363.9156641
2014/5/19,363.9965672
2014/5/20,364
2014/5/21,363.9645623
2014/5/22,364
2014/5/23,364.2042139
2014/5/24,364.5565783
2014/5/25,365.0068358
2014/5/26,365.5047288
2014/5/27,366
2014/5/28,366.4506372
2014/5/29,366.8476096
2014/5/30,367.1901314
2014/5/31,367.477417
2014/6/1,367.7086807
2014/6/2,367.8831369
2014/6/3,368
2014/6/4,368.0512588
2014/6/5,368
2014/6/6,367.8127963
2014/6/7,367.4990655
2014/6/8,367.0789365
2014/6/9,366.5725383
2014/6/10,366
2014/6/11,365.4143232
2014/6/12,365
2014/6/13,364.9175434
2014/6/14,365.1000602
2014/6/15,365.4238052
2014/6/16,365.7650334
2014/6/17,366
2014/6/18,366.0479388
2014/6/19,366
2014/6/20,365.9661793
2014/6/21,365.9599394
2014/6/22,365.9706098
2014/6/23,365.9875202
2014/6/24,366
2014/6/25,366.0012555
2014/6/26,366
2014/6/27,366.00565
2014/6/28,366.0149272
2014/6/29,366.0213793
2014/6/30,366.0185543
2014/7/1,366
2014/7/2,365.9730274
2014/7/3,366
2014/7/4,366.1361764
2014/7/5,366.3533445
2014/7/6,366.6024244
2014/7/7,366.8343362
2014/7/8,367
2014/7/9,367.0583029
2014/7/10,367
2014/7/11,366.8324959
2014/7/12,366.5979259
2014/7/13,366.347108
2014/7/14,366.13086
2014/7/15,366
2014/7/16,365.9806314
2014/7/17,366
2014/7/18,365.9745051
2014/7/19,365.8760181
2014/7/20,365.6902786
2014/7/21,365.4030261
2014/7/22,365
2014/7/23,364.4932417
2014/7/24,364
2014/7/25,363.6417389
2014/7/26,363.4515767
2014/7/27,363.4405449
2014/7/28,363.6196755
2014/7/29,364
2014/7/30,364.5415055
2014/7/31,365
2014/8/1,365.1545348
2014/8/2,365.0813121
2014/8/3,364.930822
2014/8/4,364.8535547
2014/8/5,365
2014/8/6,365.4498995
2014/8/7,366
2014/8/8,366.426992
2014/8/9,366.7103356
2014/8/10,366.8801832
2014/8/11,366.9666872
2014/8/12,367
2014/8/13,367.0068163
2014/8/14,367
2014/8/15,366.9882322
2014/8/16,366.9772931
2014/8/17,366.972238
2014/8/18,366.9781219
2014/8/19,367
2014/8/20,367.0289325
2014/8/21,367
2014/8/22,366.8564852
2014/8/23,366.6304594
2014/8/24,366.376191
2014/8/25,366.1479484
2014/8/26,366
2014/8/27,365.9663568
2014/8/28,366
2014/8/29,366.0510707
2014/8/30,366.1393788
2014/8/31,366.3021516
2014/9/1,366.5766162
2014/9/2,367
2014/9/3,367.5542259
2014/9/4,368
2014/9/5,368.112395
2014/9/6,367.9451664
2014/9/7,367.6217403
2014/9/8,367.2655428
2014/9/9,367
2014/9/10,366.9192419
2014/9/11,367.0002138
2014/9/12,367.1905749
2014/9/13,367.4380246
2014/9/14,367.6902723
2014/9/15,367.8950277
2014/9/16,368
2014/9/17,367.9902196
2014/9/18,368
2014/9/19,368.1661794
2014/9/20,368.4864115
2014/9/21,368.9235539
2014/9/22,369.4404642
2014/9/23,370
2014/9/24,370.5527215
2014/9/25,371
2014/9/26,371.2647306
2014/9/27,371.405094
2014/9/28,371.5130921
2014/9/29,371.6807268
2014/9/30,372
2014/10/1,372.50523
2014/10/2,373
2014/10/3,373.2908222
2014/10/4,373.4266587
2014/10/5,373.5170841
2014/10/6,373.671673
2014/10/7,374
2014/10/8,374.5346189
2014/10/9,375
2014/10/10,375.1240004
2014/10/11,374.9561067
2014/10/12,374.6262127
2014/10/13,374.2642125
2014/10/14,374
2014/10/15,373.9279049
2014/10/16,374
2014/10/17,374.1359848
2014/10/18,374.2683227
2014/10/19,374.3326682
2014/10/20,374.2646758
2014/10/21,374
2014/10/22,373.5213932
2014/10/23,373
2014/10/24,372.6189451
2014/10/25,372.420882
2014/10/26,372.4133463
2014/10/27,372.6038738
2014/10/28,373
2014/10/29,373.5543617
2014/10/30,374
2014/10/31,374.0923984
2014/11/1,373.8964065
2014/11/2,373.5542154
2014/11/3,373.2080162
2014/11/4,373
2014/11/5,373.0014478
2014/11/6,373
2014/11/7,372.784108
2014/11/8,372.4291065
2014/11/9,372.082051
2014/11/10,371.889997
2014/11/11,372
2014/11/12,372.4698157
2014/11/13,373
2014/11/14,373.2822057
2014/11/15,373.3296722
2014/11/16,373.2360359
2014/11/17,373.0949331
2014/11/18,373
2014/11/19,373.0044744
2014/11/20,373
2014/11/21,372.8727263
2014/11/22,372.6484194
2014/11/23,372.3877492
2014/11/24,372.1513861
2014/11/25,372
2014/11/26,371.9699062
2014/11/27,372
2014/11/28,372.0203242
2014/11/29,372.0229313
2014/11/30,372.0153763
2014/12/1,372.0052142
2014/12/2,372
2014/12/3,372.0029592
2014/12/4,372
2014/12/5,371.9786876
2014/12/6,371.9505334
2014/12/7,371.9330354
2014/12/8,371.9436916
2014/12/9,372
2014/12/10,372.1132129
2014/12/11,372.2696002
2014/12/12,372.4491861
2014/12/13,372.6319948
2014/12/14,372.7980505
2014/12/15,372.9273775
2014/12/16,373
2014/12/17,373.0090387
2014/12/18,373
2014/12/19,373.0209409
2014/12/20,373.077734
2014/12/21,373.1657057
2014/12/22,373.2801826
2014/12/23,373.4164913
2014/12/24,373.5699583
2014/12/25,373.73591
2014/12/26,373.9096731
2014/12/27,374.086574
2014/12/28,374.2619393
2014/12/29,374.4310954
2014/12/30,374.589369
2014/12/31,374.7320865
2015/1/1,374.8545745
2015/1/2,374.9521595
2015/1/3,375.020168
2015/1/4,375.0539266
2015/1/5,375.0487618
2015/1/6,375
2015/1/7,374.9338439
2015/1/8,375
2015/1/9,375.3339641
2015/1/10,375.8908846
2015/1/11,376.580823
2015/1/12,377.313841
2015/1/13,378
2015/1/14,378.5653632
2015/1/15,379
2015/1/16,379.3305832
2015/1/17,379.6661929
2015/1/18,380.136511
2015/1/19,380.8712194
2015/1/20,382
2015/1/21,383.5327215
2015/1/22,385
2015/1/23,385.9667757
2015/1/24,386.6145374
2015/1/25,387.2789113
2015/1/26,388.2955235
2015/1/27,390
2015/1/28,392.5010856
2015/1/29,395
2015/1/30,396.6985706
2015/1/31,397.7085821
2015/2/1,398.3693082
2015/2/2,399.0200229
2015/2/3,400
2015/2/4,401.4854088
2015/2/5,403
2015/2/6,404.0513535
2015/2/7,404.7347829
2015/2/8,405.2925356
2015/2/9,405.9668589
2015/2/10,407
2015/2/11,408.4952406
2015/2/12,410
2015/2/13,411.0590321
2015/2/14,411.7622924
2015/2/15,412.3360366
2015/2/16,413.0065205
2015/2/17,414
2015/2/18,415.4351097
2015/2/19,417
2015/2/20,418.3464827
2015/2/21,419.4114996
2015/2/22,420.2032752
2015/2/23,420.7300339
2015/2/24,421
2015/2/25,421.0460915
2015/2/26,421
2015/2/27,420.9952285
2015/2/28,421.0737511
2015/3/1,421.2546593
2015/3/2,421.5570451
2015/3/3,422
2015/3/4,422.5546178
2015/3/5,423
2015/3/6,423.153834
2015/3/7,423.1801433
2015/3/8,423.3295357
2015/3/9,423.8526187
2015/3/10,425
2015/3/11,426.8760262
2015/3/12,429
2015/3/13,430.8697986
2015/3/14,432.4826422
2015/3/15,433.9605864
2015/3/16,435.4256871
2015/3/17,437
2015/3/18,438.6850201
2015/3/19,440
2015/3/20,440.5438033
2015/3/21,440.7159815
2015/3/22,441.116258
2015/3/23,442.3443564
2015/3/24,445
2015/3/25,449.3088102
2015/3/26,454
2015/3/27,457.8237161
2015/3/28,461.1102484
2015/3/29,464.5849227
2015/3/30,468.9730647
2015/3/31,475
2015/4/1,482.7821102
2015/4/2,490
2015/4/3,494.4042557
2015/4/4,496.4611674
2015/4/5,497.3159513
2015/4/6,498.1138235
2015/4/7,500
2015/4/8,503.6674306
2015/4/9,508
2015/4/10,511.7593538
2015/4/11,515.0272477
2015/4/12,518.2154646
2015/4/13,521.7357877
2015/4/14,526
2015/4/15,531.1189815
2015/4/16,536
2015/4/17,539.560953
2015/4/18,541.9658686
2015/4/19,543.6903078
2015/4/20,545.2098313
2015/4/21,547
2015/4/22,549.3604494
2015/4/23,551.8871132
2015/4/24,554
2015/4/25,555.2798377
2015/4/26,555.9502329
2015/4/27,556.3955116
2015/4/28,557
2015/4/29,557.9950354
2015/4/30,559
2015/5/1,559.6053071
2015/5/2,559.8974489
2015/5/3,560.0869371
2015/5/4,560.3842835
2015/5/5,561
2015/5/6,562.0160246
2015/5/7,563
2015/5/8,563.5125429
2015/5/9,563.60046
2015/5/10,563.4321057
2015/5/11,563.1758342
2015/5/12,563
2015/5/13,563.0345807
2015/5/14,563.2560479
2015/5/15,563.6024963
2015/5/16,564.0120208
2015/5/17,564.4227164
2015/5/18,564.7726778
2015/5/19,565
2015/5/20,565.0628895
2015/5/21,565
2015/5/22,564.8712515
2015/5/23,564.7411832
2015/5/24,564.6754891
2015/5/25,564.7398634
2015/5/26,565
2015/5/27,565.4753009
2015/5/28,566
2015/5/29,566.4024997
2015/5/30,566.6730445
2015/5/31,566.8423395
2015/6/1,566.9410896
2015/6/2,567
2015/6/3,567.0346355
2015/6/4,567
2015/6/5,566.8544934
2015/6/6,566.6306599
2015/6/7,566.3795797
2015/6/8,566.152333
2015/6/9,566
2015/6/10,565.9581115
2015/6/11,566
2015/6/12,566.0675406
2015/6/13,566.038976
2015/6/14,565.7766412
2015/6/15,565.1428709
2015/6/16,564
2015/6/17,562.3808263
2015/6/18,561
2015/6/19,560.5134339
2015/6/20,560.6602396
2015/6/21,560.9503283
2015/6/22,560.8936114
2015/6/23,560
2015/6/24,558.0616881
2015/6/25,556
2015/6/26,554.7548053
2015/6/27,554.2110247
2015/6/28,553.9898414
2015/6/29,553.7124387
2015/6/30,553
2015/7/1,551.6293651
2015/7/2,550
2015/7/3,548.5438154
2015/7/4,547.1998732
2015/7/5,545.7840233
2015/7/6,544.1121156
2015/7/7,542
2015/7/8,539.4237083
2015/7/9,537
2015/7/10,535.3189115
2015/7/11,534.2228576
2015/7/12,533.367348
2015/7/13,532.4078923
2015/7/14,531
2015/7/15,528.9915628
2015/7/16,527
2015/7/17,525.6380062
2015/7/18,524.7298488
2015/7/19,523.9026883
2015/7/20,522.7836851
2015/7/21,521
2015/7/22,518.4353901
2015/7/23,516
2015/7/24,514.5677925
2015/7/25,513.8416173
2015/7/26,513.2315459
2015/7/27,512.1476497
2015/7/28,510
2015/7/29,506.5544526
2015/7/30,503
2015/7/31,500.5641283
2015/8/1,499.2051604
2015/8/2,498.5641283
2015/8/3,498.2820642
2015/8/4,498
2015/8/5,497.3589679
2015/8/6,496
